Name,Frequency
02/04/2026 Maturing 364 DTB,3
05/03/2026 Maturing 182 DTB,1
05/03/2026 Maturing 364 DTB,1
06/02/2026 Maturing 91 DTB,17
07/05/2026 Maturing 364 DTB,19
07/05/2026 Maturing 91 DTB,2
08/05/2026 Maturing 182 DTB,7
09/04/2026 Maturing 182 DTB,14
11/06/2026 Maturing 364 DTB,1
12/02/2026 Maturing 182 DTB,14
12/02/2026 Maturing 364 DTB,1
12/03/2026 Maturing 364 DTB,1
12/03/2026 Maturing 91 DTB,24
12/11/2026 Maturing 364 DTB,1
15/10/2026 Maturing 364 DTB,1
16/04/2026 Maturing 182 DTB,9
16/04/2026 Maturing 364 DTB,15
17/09/2026 Maturing 364 DTB,5
18/06/2026 Maturing 364 DTB,1
19/02/2026 Maturing 182 DTB,9
19/02/2026 Maturing 91 DTB,10
19/03/2026 Maturing 182 DTB,10
19/03/2026 Maturing 364 DTB,14
19/11/2026 Maturing 364 DTB,19
21/05/2026 Maturing 182 DTB,3
25/06/2026 Maturing 364 DTB,5
26/02/2026 Maturing 91 DTB,19
26/03/2026 Maturing 364 DTB,3
27/02/2026 Maturing 182 DTB,11
27/02/2026 Maturing 364 DTB,2
27/03/2026 Maturing 91 DTB,16
28/05/2026 Maturing 182 DTB,1
29/10/2026 Maturing 364 DTB,7
30/07/2026 Maturing 364 DTB,2
360 One Wam Ltd Ordinary Shares,57
360one_(30/03/2026),1
364 Days Tbill Red 05-02-2026,18
3M India Ltd,39
6.48% Gs 2035,1
6.68% Gs 2040,2
6.75% Gs 2029,4
6.79% Gs 2034,1
7.04% Gs 2029,1
7.32% Gs 2030,2
7.37% Gs 2028,1
7.38% Gs 2027,4
A) Repo,16
AAVAS Financiers Ltd,25
ABB India Ltd,64
ACC Ltd,21
ACME Solar Holdings Ltd,16
AG Ventures Ltd,1
AGI Greenpac Ltd,2
AIA Engineering Ltd,48
AIA Group Ltd,1
APL Apollo Tubes Ltd,68
ASHOK LEYLAND LTD.-MAR2026,2
ASK Automotive Ltd,9
ASM Technologies Ltd,1
ASML Holding NV ADR,1
AT&T Inc,1
AU Small Finance Bank Ltd,83
AWL Agri Business Ltd,19
AXISCADES Technologies Ltd,1
Aadhar Housing Finance Ltd,31
Aarti Drugs Ltd,2
Aarti Industries Ltd,32
Aarti Pharmalabs Ltd,7
Abbott India Ltd,69
Abbott Laboratories,2
Accenture PLC Class A,3
Accord Transformer & Switchgear Ltd,1
Accrued Interest,12
Accton Technology Corp,1
Action Construction Equipment Ltd,3
Acutaas Chemicals Ltd,53
Adani Energy Solutions Ltd,32
Adani Enterprises Ltd,27
Adani Enterprises Ltd Ordinary Shares (Partly Paid Rs.0.75),16
Adani Green Energy Ltd,16
Adani Ports & Special Economic Zone Ltd,61
Adani Power Ltd,23
Adani Total Gas Ltd,1
Aditya BSL Nifty IT ETF,2
Aditya BSL Nifty Next 50 ETF,1
Aditya Birla Capital Ltd,62
Aditya Birla Fashion and Retail Ltd,12
Aditya Birla Lifestyle Brands Ltd,11
Aditya Birla Real Estate Ltd,43
Aditya Birla Sun Life AMC Ltd,34
Aditya Infotech Ltd,40
Aditya Vision Ltd,18
Adobe Inc,5
Ador Welding Ltd,6
Advanced Energy Solution Holding Co Ltd Ordinary Shares,1
Advanced Enzyme Technologies Ltd,4
Advanced Micro Devices Inc,2
Advent Hotels International Ltd,1
Adyen NV,1
Aegis Logistics Ltd,4
Aegis Vopak Terminals Ltd,8
Aequs Ltd,18
Aeroflex Industries Ltd,3
Aether Industries Ltd,13
Afcons Infrastructure Ltd,24
Affle 3i Ltd,48
Agilent Technologies Inc,1
Ahluwalia Contracts (India) Ltd,21
Air Products and Chemicals Inc,1
Airbnb Inc Ordinary Shares - Class A,1
Ajanta Pharma Ltd,66
Ajax Engineering Ltd,11
Ajinomoto Co Inc,2
Akums Drugs and Pharmaceuticals Ltd,8
Akzo Nobel India Ltd,29
Alchip Technologies Ltd,1
Alembic Pharmaceuticals Ltd,15
Alibaba Group Holding Ltd ADR,1
Alibaba Group Holding Ltd Ordinary Shares,1
Alicon Castalloy Ltd,3
Alivus Life Sciences Ltd,7
Alkem Laboratories Ltd,58
Alkyl Amines Chemicals Ltd,5
All Time Plastics Ltd,3
Allcargo Global Ltd**,1
Allcargo Global Ltd.,1
Allcargo Logistics Ltd,2
Allied Blenders and Distillers Ltd,18
Alphabet Inc Class A,7
Alphabet Inc Class C,1
Amagi Media Labs Ltd,30
Amanta Healthcare Ltd,1
Amara Raja Energy & Mobility Ltd,18
Amazon.com Inc,7
Amber Enterprises India Limited March 2026 Future,1
Amber Enterprises India Ltd Ordinary Shares,63
Ambika Cotton Mills Ltd,1
Ambuja Cements Ltd,69
Amc Repo Clearing Limited,1
Amer Sports Inc,1
Amex Carb & Chem Limited #,1
Amgen Inc,1
Amphenol Corp Class A,2
Amrutanjan Health Care Ltd,2
Analog Devices Inc,1
Anand Rathi Share and Stock Brokers Ltd,2
Anand Rathi Wealth Ltd,10
Anant Raj Ltd,7
Anantam Highways Trust Invits,3
Andhra Paper Ltd,1
Angel One Ltd Ordinary Shares,45
Anirit Ventures Ltd,1
Anthem Biosciences Ltd,52
Anupam Rasayan India Ltd,1
Apar Industries Ltd,60
Apcotex Industries Ltd,1
Apeejay Surrendra Park Hotels Ltd,2
Apollo Hospitals Enterprise Limited,1
Apollo Hospitals Enterprise Ltd,128
Apollo Micro Systems Ltd Ordinary Shares,5
Apollo Pipes Ltd,4
Apollo Tyres Ltd,24
AppLovin Corp Ordinary Shares - Class A,1
Apple Inc,3
Applied Materials Inc,3
Aptiv PLC,1
Aptus Value Housing Finance India Ltd,30
Archean Chemical Industries Ltd,14
Ardentec Corp,1
Arista Networks Inc,2
Arman Financial Services Ltd,4
Artemis Medicare Services Ltd Ordinary Shares,3
Arvind Fashions Ltd,29
Arvind Ltd,21
Arvind SmartSpaces Ltd,2
Asahi India Glass Ltd,12
Ashapura Minechem Ltd,1
Ashok Leyland Ltd,85
Ashok Leyland Ltd.30/03/2026,3
Ashoka Buildcon Ltd,6
Asia Vital Components Co Ltd,2
Asian Paints Limited March 2026 Future,1
Asian Paints Ltd,89
Astec Lifesciences Ltd,4
Aster DM Healthcare Ltd Ordinary Shares,62
Astra Microwave Products Ltd,12
AstraZeneca PLC,2
AstraZeneca Pharma India Ltd,24
Astral Ltd,43
Asustek Computer Inc,1
Ather Energy Ltd,69
Atlanta Electricals Ltd,8
Atul Ltd,26
Au Small Finance Bank Limited,1
Aurobindo Pharma Limited,10
Aurobindo Pharma Limited March 2026 Future,1
Aurobindo Pharma Ltd,70
Aurobindo Pharma Ltd. 30-Mar-26,1
Authum Investment & Infrastucture Ltd,1
AutoZone Inc,1
Autodesk Inc,2
Automotive Axles Ltd,9
Avalon Technologies Ltd,27
Avanti Feeds Ltd,11
Avenue Supermarts Ltd,65
Awfis Space Solutions Ltd,29
Axis Bank Limited,3
Axis Bank Ltd,230
Axis Bank Ltd. (Covered Call),1
Axis Bank Ltd. Std - Margin,1
Axis Money Market Dir Gr,2
Axis NIFTY 50 ETF,2
Axisbank_(30/03/2026),1
Aye Finance Ltd,4
Azad Engineering Ltd,16
BASF India Ltd,5
BEML Ltd,18
BGF Sustainable Energy I2,1
BGF World Energy I2,1
BLS International Services Ltd,2
BSE Ltd,94
BYD Co Ltd Class H,1
Baazar Style Retail Ltd,2
Bajaj Auto Ltd,95
Bajaj Consumer Care Ltd,7
Bajaj Electricals Ltd,12
Bajaj Finance Limited,3
Bajaj Finance Limited March 2026 Future,1
Bajaj Finance Ltd,175
Bajaj Finserv Limited March 2026 Future,1
Bajaj Finserv Ltd,82
Bajaj Finserv Money Market Dir Gr,5
Bajaj Healthcare Ltd,1
Bajaj Holdings and Investment Ltd,18
Bajaj Housing Finance Limited,1
Bajaj Housing Finance Ltd,9
Bajel Projects Ltd,5
Balkrishna Industries Ltd,46
Balmer Lawrie Freight Containers Ltd @,1
Balrampur Chini Mills Ltd,22
Banco Products (India) Ltd,1
Bandhan Bank Ltd,23
Bank Nifty Index,6
Bank Of Baroda,4
Bank Of Baroda (16/09/2026),1
Bank Of Baroda (16/10/2026),2
Bank Of Baroda 30-Mar-26,1
Bank of Baroda,89
Bank of India,29
Bank of Maharashtra,42
Banknifty 30-Mar-2026,1
Bansal Wire Industries Ltd,18
Barrick Mining Corp,1
Bata India Ltd,20
Bawag Group AG Ordinary Shares,1
BayCurrent Inc,2
Bayer CropScience Ltd,24
Belrise Industries Ltd,14
Berger Paints India Ltd,31
Best Agrolife Ltd,1
Bharat Bijlee Ltd,17
Bharat Coking Coal Ltd,6
Bharat Dynamics Ltd Ordinary Shares,35
Bharat Electronics Limited April 2026 Future,1
Bharat Electronics Ltd,167
Bharat Forge Ltd,88
Bharat Heavy Electricals Limited March 2026 Future,2
Bharat Heavy Electricals Ltd,78
Bharat Petroleum Corp Ltd,83
Bharat Rasayan Ltd,2
Bharti Airtel Limited,1
Bharti Airtel Limited March 2026 Future,1
Bharti Airtel Ltd,253
Bharti Airtel Ltd (Partly Paid Rs.1.25),42
Bharti Airtel Ltd. (Covered Call),1
Bharti Airtel Ltd. 30-Mar-26,1
Bharti Hexacom Ltd,65
Bikaji Foods International Ltd,29
Billionbrains Garage Ventures Ltd,59
Biocon Ltd,49
Biogen Inc,1
Birla Corp Ltd,19
Birla Group Holdings Private Limited,1
Birlasoft Ltd,31
Bizlink Holding Inc,1
Black Box Ltd,4
Blackbuck Ltd,19
Blue Dart Express Ltd,14
Blue Jet Healthcare Ltd,7
Blue Star Limited,3
Blue Star Ltd,90
Bluestone Jewellery And Lifestyle Ltd,9
Bluspring Enterprises Ltd,3
Bmo Global Innovators Fund Series - I,1
Boeing Co,1
Bombay Burmah Trading Corp Ltd,1
Booking Holdings Inc,2
Borosil Ltd Ordinary Shares,2
Borosil Renewables Ltd Ordinary Shares,1
Bosch Home Comfort India Ltd,2
Bosch Ltd,46
Boston Scientific Corp,3
Brainbees Solutions Ltd,17
Bridgepoint Group PLC,1
Bridgestone Corp,2
Brigade Enterprises Ltd,56
Brigade Hotel Ventures Ltd,7
Bristol-Myers Squibb Co,1
Britannia Industries Ltd,107
Broadcom Inc,3
Broadridge Financial Solutions Inc,1
Brookfield India Real Estate Trust,9
Brooks Laboratories Ltd,1
Brown-Forman Corp Registered Shs -B- Non Vtg,1
Burford Capital Ltd,1
Butterfly Gandhimathi Appliances Ltd,1
CARE Ratings Ltd,20
CCL Products (India) Ltd,32
CDW Corp,1
CE Info Systems Ltd,15
CESC Ltd,27
CG Power & Industrial Solutions Ltd,95
CIE Automotive India Ltd,24
CMS Info Systems Ltd,23
CRH PLC,1
CRISIL Ltd,25
CSB Bank Ltd Ordinary Shares,21
Cadence Design Systems Inc,2
Call Apollo Hospitals Enterprise Ltd 30/03/2026 8000,1
Call Larsen & Toubro Limited 30/03/2026 4500,1
Call Lt 30-Mar-2026 4500,2
Call Ntpc Limited 30/03/2026 385,1
Call Sbin 30-Mar-2026 1275,2
Call Sbin Bank 30/03/2026 1250,1
Call Tata Steel Limited 30/03/2026 220,1
"Call, Cash & Other Assets",12
Cameco Corp,1
Camlin Fine Sciences Ltd,7
Campus Activewear Ltd,16
Can Fin Homes Ltd,33
Canara Bank,54
Canara HSBC Life Insurance Co Ltd,28
Canara Robeco Asset Management Co Ltd,20
Capacit'e Infraprojects Ltd,1
Capillary Technologies India Ltd,17
Capital Infra Trust InvITs,1
Capital Small Finance Bank Ltd,1
CapitalNumbers Infotech Ltd,3
Capitalmind Liquid Dir Gr,1
Caplin Point Laboratories Ltd,5
Capri Global Capital Ltd,7
CarMax Inc,1
CarTrade Tech Ltd,32
Carborundum Universal Ltd,53
Carraro India Ltd,17
Carysil Ltd,2
Cash,30
Cash / Bank Balance,10
Cash / Net Current Asset,16
Cash And Bank,15
Cash And Other Net Current Assets,13
Cash Margin,5
Cash Margin - Ccil,43
Cash Margin - Derivatives,37
Cash Offset For Derivatives,55
Cash Offsets For Shorts & Derivatives,2
Castrol India Ltd,12
Ccil,11
Ceat Ltd,22
Ceigall India Ltd,5
Celestica Inc Ordinary Shares (Subordinate Voting),1
Cello World Ltd,11
Cemindia Projects Ltd,9
Cencora Inc,1
Central Depository Services (India) Ltd,32
Centum Electronics Ltd,5
Century Enka Ltd,2
Century Plyboards (India) Ltd,30
Cera Sanitaryware Ltd,15
Chalet Hotels Ltd,36
Chambal Fertilisers & Chemicals Ltd,6
Charles Schwab Corp,2
Check Point Software Technologies Ltd,1
Chemplast Sanmar Ltd,14
Chemtech Industrial Valves Ltd,3
Chenbro Micom Co Ltd,1
Chennai Interactive Business Services Pvt Ltd ** ^^,1
Chennai Petroleum Corp Ltd,4
Chennai Super Kings Ltd.,2
China Merchants Bank Co Ltd Class H,1
Chipotle Mexican Grill Inc,1
Cholamandalam Financial Holdings Ltd,62
Cholamandalam Investment and Finance Co Ltd,120
Chroma Ate Inc,1
Cigniti Technologies Ltd,11
Cipla Ltd,75
Cisco Systems Inc,1
City Online Services Ltd,1
City Union Bank Ltd,64
Clean Max Enviro Energy Solutions Ltd,12
Clean Science and Technology Ltd,26
Clearing Corporation Of India Limited,22
Clearing Corporation Of India Ltd,63
Clearing Corporation Of India Ltd.,23
Clearing Corporation Of India Ltd. Std - Margin,15
Clorox Co,1
Cnx Nifty-Mar2026,1
Coal India Limited 460 Call March 2026 Option,1
Coal India Ltd,59
Coal India Ltd.-MAR2026,1
Coca-Cola Co,2
Cochin Shipyard Ltd,4
Coforge Ltd,119
Cognizant Technology Solutions Corp Class A,11
Cohance Lifesciences Ltd,39
Coherent Corp,1
Colgate-Palmolive (India) Ltd,48
Collateralized Borrowing & Lending Obligation,18
Compass Group PLC,1
Computer Age Management Services Limited,3
Computer Age Management Services Ltd Ordinary Shares,50
Concord Biotech Ltd,17
Concord Enviro Systems Ltd,5
Conduit Holdings Ltd,1
Constellation Brands Inc Class A,1
Constellation Energy Corp,1
Container Corporation of India Ltd,45
Contemporary Amperex Technology Co Ltd Class A,1
Copart Inc,1
Corning Inc,1
Coromandel International Ltd,69
Corona Remedies Ltd,22
Craftsman Automation Ltd,51
CreditAccess Grameen Ltd Ordinary Shares,49
Credo Brands Marketing Ltd,2
Crescent Finstock Ltd,1
Crizac Ltd,1
Crompton Greaves Consumer Electricals Ltd,71
CrowdStrike Holdings Inc Class A,1
Cube Highways Trust,1
Cummins India Limited,3
Cummins India Ltd,153
Cyient DLM Ltd,19
Cyient Ltd,32
D B Corp Ltd,1
DBS Group Holdings Ltd,1
DCB Bank Ltd,23
DCM Shriram Ltd,5
DCX System Ltd,1
DEE Development Engineers Ltd,12
DLF Ltd,39
DOMS Industries Ltd,39
DSV AS,1
Dabur India Limited,2
Dabur India Limited March 2026 Future,1
Dabur India Ltd,43
Dai-ichi Life Holdings Inc,2
Daiwa House Industry Co Ltd,2
Dalmia Bharat Ltd,38
Dam Capital Advisors Ltd,5
Danaher Corp,2
Data Patterns (India) Ltd,31
Datadog Inc Class A,1
Datamatics Global Services Ltd,1
Deepak Fertilisers & Petrochemicals Corp Ltd,19
Deepak Nitrite Ltd,28
Deere & Co,1
Delhivery Ltd,78
Dell Technologies Inc Ordinary Shares - Class C,1
Delta Corp Ltd,1
Delta Electronics Inc,1
Deutsche Investments India Private Limited,1
Devyani International Ltd,42
Dhanuka Agritech Ltd,10
Diageo PLC ADR,1
Diamond Power Infrastructure Ltd,1
Diffusion Engineers Ltd,1
Digitide Solutions Ltd,7
Dilip Buildcon Ltd,1
Disa India Ltd,1
Dishman Carbogen Amics Ltd,1
Divgi TorqTransfer Systems Ltd,9
Divi's Laboratories Limited,1
Divi's Laboratories Limited March 2026 Future,1
Divi's Laboratories Ltd,122
Dixon Technologies (India) Ltd,130
Dlf Limited March 2026 Future,1
Dlf Ltd. 30-Mar-26,1
Dodla Dairy Ltd,13
Dover Corp,1
Dr Agarwal'S Eye Hospital Ltd,2
Dr Agarwal’s Health Care Ltd,18
Dr Reddy's Laboratories Ltd,63
Dr. Lal PathLabs Ltd,53
Dr. Reddy's Laboratories Limited,1
Dr. Reddy's Laboratories Limited 1380 Call March 2026 Option,1
Dredging Corp of India Ltd,4
Dynamatic Technologies Ltd,5
E I D Parry India Ltd,16
E2E Networks Ltd Ordinary Shares,5
EFC (I) Ltd,1
EIH Ltd,18
ELANTAS Beck India Ltd,5
EMA Partners India Ltd,3
EPACK Durable Ltd,2
EPAM Systems Inc,4
EPL Ltd Ordinary Shares,9
East Japan Railway Co,2
Ecolab Inc,1
Ecos (India) Mobility & Hospitality Ltd,4
Edelweiss Financial Services Ltd,6
Edelweiss Liquid Dir Gr,1
Eicher Motors Limited March 2026 Future,1
Eicher Motors Ltd,105
Elecon Engineering Co Ltd,10
Electronics Mart India Ltd,16
Elevance Health Inc,1
Elgi Equipments Ltd,12
Eli Lilly and Co,2
Elite Advanced Laser Corp,1
Elite Material Co Ltd,1
Ellenbarrie Industrial Gases Ltd,11
Emami Ltd,50
Embassy Developments Ltd,4
Embassy Office Parks REIT,20
Embassy Office Parks Reit,1
Embraer SA,1
Emcure Pharmaceuticals Ltd,21
Emmvee Photovoltaic Power Ltd,24
Endurance Technologies Ltd,43
Engineers India Ltd,21
Entegris Inc,1
Entero Healthcare Solutions Ltd,2
Epack Prefab Technologies Ltd,5
Epigral Ltd,6
Equifax Inc,1
Equitable Holdings Inc,1
Equitas Small Finance Bank Ltd Ordinary Shares,36
Eris Lifesciences Ltd Registered Shs,33
Esab India Ltd,9
Escorts Kubota Ltd,42
Eternal Limited March 2026 Future,2
Eternal Ltd,241
Eternal_(30/03/2026),1
Ethos Ltd,22
Eureka Forbes Ltd,29
Euro Pratik Sales Ltd,2
Eveready Industries India Ltd,2
Excelsoft Technologies Ltd,1
Exicom Tele-Systems Ltd,1
Exide Industries Ltd,30
Export Import Bank Of India,3
Export-Import Bank Of India,1
FDC Ltd,9
FIEM Industries Ltd,12
FSN E-Commerce Ventures Ltd,96
FTAI Aviation Ltd,1
Fair Isaac Corp,1
Fast Retailing Co Ltd,2
Fedbank Financial Services Ltd,4
Ferrari NV,1
Filatex India Ltd,1
Finbud Financial Services Ltd,1
Fine Organic Industries Ltd Ordinary Shares,17
Fineotex Chemical Ltd,2
Finolex Cables Ltd,15
Finolex Industries Ltd,8
First Solar Inc,1
Firstsource Solutions Ltd,42
Fiserv Inc,1
Five Below Inc,1
Five-Star Business Finance Ltd,18
Flair Writing Industries Ltd,3
Force Motors Ltd,12
Formosa Laboratories Inc,1
Fortinet Inc,2
Fortis Healthcare Limited,1
Fortis Healthcare Ltd,94
Foseco India Ltd,3
Fositek Corp Ordinary Shares,1
Fractal Analytics Ltd,29
Franklin Technology I Acc USD,1
Freeport-McMoRan Inc,3
Fujiyama Power Systems Ltd,5
Fusion Finance Ltd,9
Future on APL Apollo Tubes Ltd,2
Future on Aditya Birla Capital Ltd,1
Future on Aluminium,2
Future on Ashok Leyland Ltd,2
Future on BANK Index,7
Future on BSE Ltd,1
Future on Bajaj Finance Ltd,2
Future on Bank of Baroda,3
Future on Bharat Electronics Ltd,2
Future on Bharat Petroleum Corp Ltd,1
Future on Bharti Airtel Ltd,1
Future on Coforge Ltd,1
Future on Colgate-Palmolive (India) Ltd,5
Future on Cummins India Ltd,3
Future on Eicher Motors Ltd,2
Future on Eternal Ltd,4
Future on FSN E-Commerce Ventures Ltd,2
Future on HDFC Asset Management Co Ltd,1
Future on Hero MotoCorp Ltd,3
Future on Hindalco Industries Ltd,3
Future on JSW Steel Ltd,1
Future on Jio Financial Services Ltd,1
Future on KEI Industries Ltd,1
Future on L&T Finance Ltd,2
Future on Larsen & Toubro Ltd,1
Future on Max Financial Services Ltd,1
Future on Multi Commodity Exchange of India Ltd,3
Future on Muthoot Finance Ltd,2
Future on One97 Communications Ltd,5
Future on PB Fintech Ltd,2
Future on Polycab India Ltd,1
Future on Power Grid Corp Of India Ltd,2
Future on Shriram Finance Ltd,3
Future on TVS Motor Co Ltd 6% PRF REDEEM 01/09/2026 INR 10,3
Future on Tata Steel Ltd,2
Future on Torrent Pharmaceuticals Ltd,2
Fuyao Glass Industry Group Co Ltd Shs -H- Unitary 144A/Reg S,1
G R Infraprojects Ltd,22
GAIL (India) Ltd,45
GCS Holdings Inc,1
GE Aerospace,1
GE HealthCare Technologies Inc Common Stock,1
GE Power India Ltd,1
GE Vernova Inc,1
GE Vernova T&D India Ltd,121
GFL Ltd,1
GHCL Ltd,7
GHCL Textiles Ltd,1
GK Energy Ltd,5
GMM Pfaudler Ltd,11
GMR Airports Ltd,21
GNA Axles Ltd,5
GNG Electronics Ltd,7
GPT Healthcare Ltd,2
GPT Infraprojects Ltd,2
GRAIL Inc,1
Gabriel India Ltd,42
Gail (India) Limited March 2026 Future,1
Galaxy Surfactants Ltd,8
Gallantt Ispat Ltd,1
Ganesha Ecosphere Ltd,12
Garden Reach Shipbuilders & Engineers Ltd,4
Gartner Inc,1
Garuda Construction and Engineering Ltd,1
Garware Hi-Tech Films Ltd,12
Garware Technical Fibres Ltd,9
Gateway Distriparks Ltd,12
Gayatri BioOrganics Ltd,1
General Insurance Corp of India,14
Geninnov Global Master Fund,1
Genus Power Infrastructures Ltd,3
Genus Prime Infra Ltd,3
Gillette India Ltd,28
Gland Pharma Ltd,53
GlaxoSmithKline Pharmaceuticals Ltd,44
Glenmark Pharmaceuticals Ltd,51
Global Health Ltd,41
Global X Genomics & Biotechnology ETF,1
Globsyn Technologies Limited**,2
Globsyn Technologies Ltd ** ^^,1
Globus Medical Inc Class A,1
Globus Spirits Ltd,3
Go Digit General Insurance Ltd,27
Go Fashion (India) Ltd,14
Godavari Biorefineries Ltd,5
Godawari Power & Ispat Ltd,8
Godfrey Phillips India Ltd,28
Godrej Agrovet Ltd Ordinary Shares,10
Godrej Consumer Products Limited,1
Godrej Consumer Products Ltd,79
Godrej Industries Ltd,10
Godrej Properties Limited,1
Godrej Properties Limited March 2026 Future,1
Godrej Properties Ltd,34
Gokaldas Exports Ltd,34
Gold Circuit Electronics Ltd,1
Goodluck India Ltd,2
Goodyear India Ltd,2
Gopal Snacks Ltd,2
Grand Process Technology Corp,1
Granules India Ltd,6
Graphite India Ltd,14
Grasim Industries Limited March 2026 Future,1
Grasim Industries Ltd,49
Gravita India Ltd,8
Great Eastern Shipping Co Ltd,23
Greaves Cotton Ltd,1
Greenlam Industries Ltd,6
Greenpanel Industries Ltd Ordinary Shares,17
Greenply Industries Ltd,14
Grindwell Norton Ltd,37
Grupo Financiero Banorte SAB de CV Class O,1
Gufic Biosciences Ltd,7
Gujarat Alkalies & Chemicals Ltd,2
Gujarat Fluorochemicals Ltd Ordinary Shares,28
Gujarat Gas Ltd,29
Gujarat Mineral Development Corp Ltd,3
Gujarat Narmada Valley Fertilizers & Chemicals Ltd,6
Gujarat Pipavav Port Ltd,8
Gujarat State Fertilizers & Chemicals Ltd,4
Gujarat State Petronet Ltd,37
Gujarat Themis Biosyn Ltd,1
Gulf Oil Lubricants India Ltd,13
H.G. Infra Engineering Ltd Ordinary Shares,13
HBL Engineering Ltd,4
HCL Technologies Ltd,100
HDB Financial Services Ltd,55
HDFC Asset Management Co Ltd,90
HDFC BSE Sensex ETF - Growth,1
HDFC Bank Limited,3
HDFC Bank Ltd,279
HDFC Bank Ltd.,3
HDFC Life Insurance Co Ltd,87
HDFC Securities Limited,3
HEG Ltd,10
HFCL Ltd,3
HLE Glascoat Ltd,1
HP Inc,1
Happiest Minds Technologies Ltd Ordinary Shares,3
Happy Forgings Ltd,19
Harsha Engineers International Ltd,3
Hatsun Agro Product Ltd,7
Havells India Ltd,49
Hawkins Cookers Ltd,4
Hcl Technologies Limited 1500 Call March 2026 Option,1
Hdfc Asset Management Company Ltd,4
Hdfc Bank Limited,2
Hdfc Bank Ltd.,1
Hdfc Life Insurance Co Ltd,7
Hdfc Life Insurance Company Ltd (Covered Call),1
HealthCare Global Enterprises Ltd,23
HeidelbergCement India Ltd,5
Heritage Foods Ltd,6
Hero MotoCorp Ltd,105
Hewlett Packard Enterprise Co,1
Hexaware Technologies Ltd Ordinary Shares,53
Hi-Tech Pipes Ltd,7
Hikal Ltd,2
Himadri Speciality Chemical Ltd,3
Hindalco Industries Limited March 2026 Future,1
Hindalco Industries Ltd,120
Hindustan Aeronautics Limited March 2026 Future,1
Hindustan Aeronautics Ltd Ordinary Shares,100
Hindustan Aeronautics Ltd.,1
Hindustan Copper Ltd,12
Hindustan Dorr-Oliver Ltd,2
Hindustan Foods Ltd,6
Hindustan Petroleum Corp Ltd,97
Hindustan Petroleum Corporation Limited March 2026 Future,1
Hindustan Unilever Limited,1
Hindustan Unilever Ltd,119
Hindustan Unilever Ltd. (Covered Call),1
Hindustan Zinc Ltd,33
Hitachi Energy India Ltd Ordinary Shares,70
Hitachi Ltd,2
Hiwin Technologies Corp,1
Home First Finance Co India Ltd ---,39
Honasa Consumer Ltd,13
Honda India Power Products Ltd,4
Honeywell Automation India Ltd,31
Hong Kong Exchanges and Clearing Ltd,1
Housing & Urban Development Corp Ltd,16
Huntington Ingalls Industries Inc,1
Hyundai Motor Co,1
Hyundai Motor India Ltd,70
ICICI Bank Limited,1
ICICI Bank Ltd,282
ICICI Lombard General Insurance Co Ltd,112
ICICI Prudential Asset Management Co Ltd,115
ICICI Prudential Life Insurance Co Ltd,52
ICICI Prudential Nifty Metal ETF,1
ICRA Ltd,15
IDBI Bank Ltd,1
IDEX Corp,1
IDFC First Bank Ltd,55
IFB Industries Ltd,4
IFGL Refractories Ltd,4
IIFL Capital Services Ltd Ordinary Shares,4
IIFL Finance Ltd,22
IKIO Technologies Ltd,2
INOX Green Energy Services Ltd,4
INOX India Ltd,15
IQVIA Holdings Inc,1
IRB Infrastructure Developers Ltd,7
IRB InvIT Fund Units 2017-Series IV,4
IRM Energy Ltd,3
ISGEC Heavy Engineering Ltd,13
ITC Hotels Ltd,28
ITC Ltd,124
ITC Ltd.-MAR2026,1
ITI Banking & PSU Dir Gr,3
ITI Dynamic Bond Dir Gr,1
ITT Inc,1
Iberdrola SA,1
Icici Bank Ltd. (Covered Call),1
Icici Lombard General Insurance Company Limited,3
Icici Prudential Life Insurance Co Ltd,3
Icici Securities Limited,2
Icici Securities Limited (Earlier Icici Brokerage Services Limited),1
Ideaforge Technology Ltd,2
Igarashi Motors India Ltd,1
Illumina Inc,1
Indbazaar.Com Ltd.,1
Indegene Ltd,13
IndiGrid Infrastructure Trust Units Series - IV,3
India (Republic of),3
India Cements Ltd,17
India Glycols Ltd,2
India Shelter Finance Corporation Ltd,21
IndiaMART InterMESH Ltd,19
Indian Bank,90
Indian Energy Exchange Ltd,18
Indian Hotels Co Ltd,78
Indian Hume Pipe Co Ltd,2
Indian Metals & Ferro Alloys Ltd,2
Indian Oil Corp Ltd,36
Indian Railway Catering And Tourism Corp Ltd,14
Indian Railway Finance Corp Ltd Ordinary Shares,3
Indian Renewable Energy Development Agency Ltd,1
Indigo Paints Ltd Ordinary Shares,21
Indiqube Spaces Ltd,14
Indo Count Industries Ltd,9
Indoco Remedies Ltd,9
Indraprastha Gas Ltd,23
Indus Infra Trust Unit,2
Indus Towers Ltd Ordinary Shares,77
IndusInd Bank Ltd,101
Indusind Bank Ltd.,2
Info Edge (India) Limited,6
Info Edge (India) Limited March 2026 Future,2
Info Edge (India) Ltd,94
Infosys Limited,8
Infosys Limited 1400 Put March 2026 Option,1
Infosys Limited 1440 Call March 2026 Option,1
Infosys Ltd,219
Infy_(30/03/2026),1
Ingersoll-Rand (India) Ltd,14
Innova Captab Ltd,9
Inox Wind Ltd,12
Insecticides (India) Ltd,1
Intel Corp,1
Intellect Design Arena Ltd,17
InterGlobe Aviation Ltd,159
Interarch Building Solutions Ltd,3
Interglobe Aviation Limited,2
Interglobe Aviation Ltd.,1
Interglobe Aviation Ltd. (Covered Call),1
International Business Machines Corp,1
International Flavors & Fragrances Inc,1
International Gemmological Institute (India) Ltd,20
Intuit Inc,1
Intuitive Surgical Inc,1
Inventurus Knowledge Solutions Ltd,28
Ion Exchange (India) Ltd,9
Ipca Laboratories Ltd,65
Itc Ltd. (Covered Call),1
Ivalue Infosolutions Ltd,2
J Kumar Infraprojects Ltd,2
J.B. Chemicals & Pharmaceuticals Ltd,66
JK Cement Ltd,92
JK Lakshmi Cement Ltd,23
JK Paper Ltd,3
JK Tyre & Industries Ltd,15
JM Financial Ltd,8
JNK India Ltd,10
JSW Cement Ltd,22
JSW Energy Ltd,51
JSW Holdings Ltd,1
JSW Infrastructure Ltd,26
JSW Steel Ltd,46
JTEKT India Ltd,8
Jack Henry & Associates Inc,1
Jadoonet.Com,2
Jagran Prakashan Ltd,3
Jain Resource Recycling Ltd,16
Jammu & Kashmir Bank Ltd,4
Jamna Auto Industries Ltd,6
Jana Small Finance Bank Ltd,3
Jiangsu Hengrui Pharmaceuticals Co Ltd Class A,1
Jindal Saw Ltd,9
Jindal Stainless Ltd,27
Jindal Steel Ltd,78
Jio Financial Services Limited March 2026 Future,3
Jio Financial Services Ltd,26
Jsw Steel Limited March 2026 Future,1
Jubilant Foodworks Limited-MAR2026,1
Jubilant Foodworks Ltd,88
Jubilant Foodworks Ltd Mar-2026,1
Jubilant Foodworks Ltd. 30-Mar-26,1
Jubilant Ingrevia Ltd Ordinary Shares,27
Jubilant Pharmova Ltd,18
Juniper Hotels Ltd,6
Jupiter Life Line Hospitals Ltd,22
Jupiter Wagons Ltd,2
Just Dial Ltd,4
Jyothy Labs Ltd,29
Jyoti CNC Automation Ltd,48
K.P.R. Mill Ltd,72
KEC International Ltd,41
KEI Industries Ltd,96
KFin Technologies Ltd,39
KLA Corp,1
KNR Constructions Ltd,15
KPIT Technologies Ltd,57
KRBL Ltd,2
KRN Heat Exchanger and Refrigeration Ltd,6
KSB Ltd,30
KSH International Ltd,11
Kajaria Ceramics Ltd,47
Kalpataru Ltd,5
Kalpataru Projects International Ltd,46
Kalyan Jewellers India Ltd,18
Kalyani Steels Ltd,5
Kansai Nerolac Paints Ltd,10
Kao Corp,2
Karnataka Bank Ltd,5
Karur Vysya Bank Ltd,79
Kaveri Seed Co Ltd,1
Kaynes Technology India Ltd,46
Kei Industries Limited,3
Kei Industries Ltd.,1
Kennametal India Ltd,11
Kenvue Inc,1
Kewal Kiran Clothing Ltd,8
Keyence Corp,2
Keysight Technologies Inc,1
Keystone Realtors Ltd,4
Kilburn Engineering Ltd,4
King Slide Works Co Ltd,1
Kingfa Science and Technology (India) Ltd,2
Kirloskar Brothers Ltd,9
Kirloskar Ferrous Industries Ltd,11
Kirloskar Industries Ltd,1
Kirloskar Oil Engines Ltd,51
Kirloskar Pneumatic Co Ltd,24
Knowledge Marine & Engineering Works Ltd Ordinary Shares,2
Kolte-Patil Developers Ltd,2
Komatsu Ltd,2
Kotak Liquid Dir Gr,8
Kotak Mahindra Bank Limited,7
Kotak Mahindra Bank Limited (24/09/2026),1
Kotak Mahindra Bank Ltd,202
Kotak Mahindra Bank Ltd.,1
Kotak Mahindra Bank Ltd. (Covered Call),1
Kotak Securities Limited,2
Kotak Securities Ltd,2
Kovai Medical Center & Hospital Ltd,8
Kpit Technologies Limited,2
Krishna Institute of Medical Sciences Ltd,70
Kross Ltd,5
Krsnaa Diagnostics Ltd,5
Krystal Integrated Services Ltd,1
Kwality Ltd,3
Kwality Walls India Ltd,42
L&T Finance Limited,1
L&T Finance Ltd,72
L&T Technology Services Ltd,28
L.G.Balakrishnan & Bros Ltd,9
LG Electronics India Ltd,118
LIC Housing Finance Ltd,35
LMW Ltd,8
LPL Financial Holdings Inc,1
LT Foods Ltd,6
LTIMindtree Ltd,80
LTM Ltd,1
La Opala RG Ltd,9
Lam Research Corp,1
Lancer Container Lines Ltd,1
LandMark Optoelectronics Corp,1
Landmark Cars Ltd,6
Larsen & Toubro Limited March 2026 Future,1
Larsen & Toubro Ltd,224
Larsen & Toubro Ltd. (Covered Call),1
Larsen And Toubro Ltd.-MAR2026,1
Latent View Analytics Ltd,15
Laurus Labs Ltd,41
Laxmi Dental Ltd,14
Laxmi Organic Industries Ltd,2
Le Travenues Technology Ltd,20
Leela Palaces Hotels and Resorts Ltd,23
Lemon Tree Hotels Ltd,29
Lenskart Solutions Ltd,61
Lic Housing Finance Limited March 2026 Future,1
Life Insurance Corporation Of India.,1
Life Insurance Corporation of India,33
Linde India Ltd,45
Linde PLC,1
Lite-On Technology Corp,1
Lloyds Metals & Energy Ltd,15
Lodha Developers Limited March 2026 Future,1
Lodha Developers Ltd,16
Lonza Group Ltd ADR,1
Lowe's Companies Inc,1
Ltimindtree Limited,6
Lumax Auto Technologies Ltd,16
Lumax Industries Ltd,5
Lupin Future Mar 26,1
Lupin Ltd,103
M & B Engineering Ltd,5
MAS Financial Services Ltd Ordinary Shares,11
MITAC Holdings Corp,1
MM Forgings Ltd,3
MOIL Ltd,9
MPI Corp,1
MPS Ltd,1
MRF Ltd,29
MTAR Technologies Ltd,38
Magnasound (India) Limited**,1
Mahanagar Gas Ltd,14
Maharashtra Scooters Ltd,3
Maharashtra Seamless Ltd,3
Mahindra & Mahindra Financial Services Ltd,49
Mahindra & Mahindra Limited,1
Mahindra & Mahindra Limited 3750 Call March 2026 Option,1
Mahindra & Mahindra Ltd,230
Mahindra Holidays & Resorts India Ltd,4
Mahindra Lifespace Developers Ltd,19
Mahindra Logistics Ltd,11
MakeMyTrip Ltd,4
Man Infraconstruction Ltd,1
Manappuram Finance Ltd,31
Mangalam Cement Ltd,1
Mangalore Refinery and Petrochemicals Ltd,4
Mankind Pharma Limited,4
Mankind Pharma Ltd,81
Manorama Industries Ltd,7
Manpasand Beverages Ltd,4
Marathon Nextgen Realty Ltd,1
Margin (Future And Options),15
Margin Amount For Derivative Positions,7
Margin Money For Derivative/Treps,1
Margin Money For Derivatives,2
Margin On Derivatives,2
Marico Limited March 2026 Future,1
Marico Ltd,79
MarketAxess Holdings Inc,1
Marksans Pharma Ltd,10
Maruti Suzuki India Limited,2
Maruti Suzuki India Ltd,198
Maruti Suzuki India Ltd. (Covered Call),1
Masco Corp,1
Mastek Ltd,17
Mastercard Inc Class A,1
Matrimony.com Ltd,2
Max Estates Ltd,10
Max Financial Services Ltd,133
Max Healthcare Institute Limited,1
Max Healthcare Institute Ltd Ordinary Shares,104
Mayur Uniquoters Ltd,4
Mazagon Dock Shipbuilders Ltd,14
McDonald's Corp,1
McKesson Corp,1
Medi Assist Healthcare Services Ltd,21
MediaTek Inc,1
Medplus Health Services Ltd,20
Meesho Ltd,56
MercadoLibre Inc,1
Merck & Co Inc,1
Meta Platforms Inc Class A,6
Metro Brands Ltd,43
Metropolis Healthcare Ltd,36
Micro-Star International Co Ltd,1
Microchip Technology Inc,1
Micron Technology Inc,1
Microsoft Corp,13
Midcapnifty,1
Midea Group Co Ltd Class A,1
Midwest Ltd,10
Minda Corp Ltd,12
Mindspace Business Parks REIT Unit,1
Mirae Asset Liquid Dir Gr,6
Mirae Asset Money Market Dir Gr,2
Mirae Asset Nfty SmCp 250 Mmt Qul 100ETF,1
Mishra Dhatu Nigam Ltd Ordinary Shares,4
Mitsubishi Corp,2
Mitsubishi Heavy Industries Ltd,2
Mitsubishi UFJ Financial Group Inc,2
Mitsui Fudosan Co Ltd,2
Mold-tek Packaging Ltd,10
Mondelez International Inc Class A,1
Monolithic Power Systems Inc,1
Motherson Sumi Wiring India Ltd,41
Motilal Oswal Financial Services Ltd,40
Motorola Solutions Inc,3
Mphasis Ltd,97
Mrs Bectors Food Specialities Ltd Ordinary Shares,32
Mukerian Papers Ltd,1
Multi Commodity Exchange Of India Limited March 2026 Future,2
Multi Commodity Exchange of India Ltd,152
Muthoot Finance Limited,2
Muthoot Finance Ltd,85
Muthoot Microfin Ltd,1
NBCC India Ltd,9
NCC Ltd,13
NHPC Ltd,25
NIIT Learning Systems Ltd,10
NIIT Ltd,2
NLC India Ltd,24
NMDC Ltd,42
NMDC Steel Ltd,3
NOCIL Ltd,7
NRB Bearings Ltd,1
NTPC Green Energy Ltd,31
NTPC Ltd,169
NTPC Ltd.^,1
NTT Inc,2
NVIDIA Corp,5
NXP Semiconductors NV,2
Nabard,1
Nan Ya Printed Circuit Board Corp,1
Narayana Hrudayalaya Ltd,32
Natco Pharma Ltd,6
National Aluminium Co Ltd,61
National Bank For Agriculture And Rural Development,6
National Bank For Agriculture And Rural Development (18/09/2026),1
National Bank for Agriculture and Rural Development,3
National Building Construction Corp,2
National Highways Infra Trust Units,6
National Securities Depository Ltd,7
Nava Ltd,1
Navin Fluorine International Ltd,96
Navkar Corp Ltd,2
Navneet Education Ltd,3
Nazara Technologies Ltd,4
Nca-Net Current Assets,19
Neogen Chemicals Ltd,17
Nephrocare Health Services Ltd,5
Nesco Ltd,8
Nestle Future Mar 26,1
Nestle India Ltd,60
Net Current Assets,109
Net Current Assets (Including Cash & Bank Balances),12
Net Current Assets/(Liabilities),24
Net Receivable / Payable,44
Net Receivable/(Payable),4
Net Receivable/Payable,12
Net Receivables / (Payables),193
Net Receivables/(Payables),12
Net Receivables/Payables,23
NetApp Inc,1
NetEase Inc Ordinary Shares,1
Netflix Inc,1
Netweb Technologies India Ltd,20
Network People Services Technologies Ltd,2
Neuland Laboratories Ltd,44
Newgen Software Technologies Ltd,15
Nexus Select Trust Reits,11
NiSource Inc,1
Nifty,7
Nifty 25000 Put Mar26,1
Nifty 30-Mar-2026,2
Nifty 30-Mar-26 Fut,2
Nifty 50 Index,3
Nifty Bank Future Mar 26,1
Nifty Index 30-03-2026,1
Nifty March 2026 Future,9
Nike Inc Class B,1
Nilkamal Ltd,3
Nintendo Co Ltd,1
Nippon Life India Asset Management Ltd Ordinary Shares,77
Nippon Yusen Kabushiki Kaisha,2
Nirlon Ltd,2
Nitin Spinners Ltd,7
Nitori Holdings Co Ltd,2
Niva Bupa Health Insurance Co Ltd,17
Nmdc Limited March 2026 Future,2
Nmdc Ltd,3
Noble Brothers Impex Ltd @,1
Northern Arc Capital Ltd,4
Northrop Grumman Corp,1
Nse Bank Nifty,7
Ntpc Limited,1
Ntpc Limited Mar26,1
Ntpc Ltd. (Covered Call),2
Ntpc Ltd. 30-Mar-26,1
Nucleus Software Exports Ltd,4
Numero UNO International Ltd.,2
Numero Uno International Ltd ** ^^,4
Nuvama Wealth Management Ltd,18
Nuvoco Vista Corp Ltd,19
OBEROI REALTY LTD-MAR2026,2
OCCL Ltd,1
ON Semiconductor Corp,1
ORIX Corp,2
Oberoi Realty Ltd,48
Occidental Petroleum Corp,1
Oil & Natural Gas Corp Ltd,82
Oil And Natural Gas Corporation Ltd.,1
Oil India Limited Mar26,1
Oil India Ltd,71
Ola Electric Mobility Ltd,8
Om Infra Ltd,2
Omnitech Engineering Ltd,8
One 97 Communications Limited,1
One Mobikwik Systems Ltd,2
One97 Communications Ltd,113
OneSource Specialty Pharma Ltd,30
Onward Technologies Ltd,3
Optiemus Infracom Ltd,4
Oracle Corp,3
Oracle Financial Services Software Ltd,29
Orchid Pharma Ltd,17
Orient Cement Ltd,1
Orient Electric Ltd Ordinary Shares,25
Oriental Hotels Ltd,1
Orkla India Ltd,19
Oswal Pumps Ltd,11
Otis Worldwide Corp Ordinary Shares,2
Otsuka Corp,2
P I INDUSTRIES LTD-MAR2026,1
P N Gadgil Jewellers Ltd,11
PAGE INDUSTRIES LTD-30-Mar-2026,1
PB Fintech Ltd,160
PCBL Chemical Ltd,5
PDS Ltd,2
PERSISTENT SYSTEMS LIMITED-MAR2026,1
PERSISTENT SYSTEMS LTD.-30-Mar-2026,1
PG Electroplast Ltd,35
PGIM India Liquid Dr Pl Gr,2
PI Industries Ltd,63
PNB Housing Finance Ltd,73
PNC Infratech Ltd,24
PNGS Reva Diamond Jewellery Ltd,4
POWERGRID Infrastructure Investment Trust Units,3
PSP Projects Ltd,3
PT Bank Mandiri (Persero) Tbk,1
PTC India Financial Services Ltd,4
PTC India Ltd,6
PTC Industries Ltd,20
PVR INOX Ltd,31
Pace Digitek Ltd,4
Padmini Technologies Ltd,1
Page Industries Limited,2
Page Industries Ltd,47
Palantir Technologies Inc Ordinary Shares - Class A,1
Palo Alto Networks Inc,1
Paradeep Phosphates Ltd,16
Parag Parikh Liquid Dir Gr,2
Paras Defence And Space Technologies Ltd,1
Park Medi World Ltd,11
Parker Hannifin Corp,1
Patanjali Foods Ltd,3
Patel Engineering Ltd,2
Pb Fintech Limited,1
Pearl Global Industries Ltd,18
Pennar Industries Ltd,1
PepsiCo Inc,1
Persistent Systems Limited,4
Persistent Systems Ltd,129
Petronet LNG Ltd,43
Pfizer Inc,1
Pfizer Ltd,36
Philip Morris International Inc,1
Phoenix Mills Ltd,83
PhysicsWallah Ltd,37
Pi Industries Ltd.,1
Pidilite Industries Ltd,47
Pine Labs Ltd,35
Pinnacle Financial Partners Inc,1
Piramal Finance Ltd,35
Piramal Pharma Ltd,35
Pitti Engineering Ltd,13
Pnb Housing Finance Limited March 2026 Future,1
Pokarna Ltd,4
Poly Medicure Ltd,20
Polycab India Limited March 2026 Future,1
Polycab India Ltd,63
Polyplex Corp Ltd,2
Pondy Oxides And Chemicals Ltd,3
Poonawalla Fincorp Ltd,19
Popular Vehicles and Services Ltd,2
Power Finance Corp Ltd,91
Power Finance Corporation Limited,2
Power Grid Corp Of India Ltd,69
Power Grid Corporation Of India Limited 320 Call March 2026 Option,1
Power Grid Corporation Of India Ltd. (Covered Call),2
Power Mech Projects Ltd,23
Praj Industries Ltd,17
Precision Fasteners Ltd.,1
Premier Energies Ltd,19
Premier Explosives Ltd,2
Prestige Estates Projects Ltd,69
Pricol Ltd,15
Prime Focus Ltd,1
Prime Securities Ltd,1
Primo Chemicals Ltd Shs Dematerialised,1
Prince Pipes And Fittings Ltd Ordinary Shares,7
Prism Johnson Ltd,1
Privi Speciality Chemicals Ltd,5
Procter & Gamble Health Ltd,10
Procter & Gamble Hygiene and Health Care Ltd,19
Protean eGov Technologies Ltd,2
Prudent Corporate Advisory Services Ltd,42
Prudential PLC,1
Punjab National Bank,27
Punjab National Bank (18/03/2026),1
Punjab National Bank Future Mar 26,1
Quadrant Future Tek Ltd,2
Qualcomm Inc,2
Quality Power Electrical Equipments Ltd,11
Quant Gilt Dir Gr,2
Quant Healthcare Dir Gr,1
Quanta Computer Inc,1
Quess Corp Ltd,4
Quick Heal Technologies Ltd,1
R K Swamy Ltd,2
R R Kabel Ltd,22
R Systems International Ltd,4
RACL Geartech Ltd,1
RBL Bank Ltd,58
REC Ltd,61
RHI Magnesita India Ltd,33
RITES Ltd Ordinary Shares,3
RPG Life Sciences Ltd,1
RTX Corp,1
Radiant Cash Management Services Ltd,2
Radico Khaitan Ltd,84
Rail Vikas Nigam Ltd,1
RailTel Corporation of India Ltd,3
Rain Industries Ltd,2
Rainbow Childrens Medicare Ltd,42
Rajratan Global Wire Ltd,2
Rallis India Ltd,3
Ramco Cements Ltd,36
Ramco Industries Ltd,1
Ramco Systems Ltd,1
Ramkrishna Forgings Ltd,2
Rane Holdings Ltd,4
Rashi Peripherals Ltd,3
Rashtriya Chemicals & Fertilizers Ltd,2
Rategain Travel Technologies Ltd,17
Ratnamani Metals & Tubes Ltd,26
RattanIndia Enterprises Ltd,1
Ravindra Energy Ltd,3
Raymond Lifestyle Ltd,4
Raymond Ltd,2
Raymond Realty Ltd,2
Rbl Bank Limited,1
Rec Limited,1
Recruit Holdings Co Ltd,2
Reddit Inc Class A Shares,1
Redington Ltd,13
Redtape Ltd,5
Regaal Resources Ltd,2
Reinsurance Group of America Inc,1
Relaxo Footwears Ltd,7
Reliance Industries Limited March 2026 Future,1
Reliance Industries Ltd,241
Reliance Industries Ltd.,1
Reliance Industries Ltd. (Covered Call),1
Reliance_(30/03/2026),1
Religare Enterprises Ltd,5
Rep20_270226,1
Repco Home Finance Ltd,16
Restaurant Brands Asia Ltd Ordinary Shares,12
Reverse Repo,2
Rheinmetall AG,1
Rishabh Instruments Ltd,5
Rolex Rings Ltd,21
Roper Technologies Inc,1
Rossari Biotech Ltd Ordinary Shares,7
Rossell India Ltd,1
Rossell Techsys Ltd,1
Roto Pumps Ltd,2
Route Mobile Ltd Ordinary Shares,6
Rubicon Research Limited,3
Rubicon Research Ltd,18
S H Kelkar & Co Ltd,3
S-Oil Future Mar 26,1
S.P. Apparels Ltd,7
SAMHI Hotels Ltd,11
SAP SE ADR,1
SBFC Finance Ltd,19
SBI CARDS AND PAYMENT SERVICES PVT LTD.-30-Mar-2026,1
SBI Cards and Payment Services Ltd Ordinary Shares,59
SBI Life Future Mar 26,3
SBI Life Insurance Co Ltd,119
SG Finserve Ltd,1
SIP Technologies & Exports Ltd.,2
SIS Ltd Ordinary Shares,4
SJS Enterprises Ltd,33
SK Hynix Inc,1
SKF India (Industrial) Ltd,37
SKF India Ltd,25
SMC Corp,2
SMS Pharmaceuticals Ltd,2
SRF Ltd,79
STL Networks Ltd,4
SWIGGY LTD-MAR2026,2
Saatvik Green Energy Ltd,8
Safari Industries (India) Ltd,47
Sagar Cements Ltd,5
Sagility Ltd,58
Sai Life Sciences Ltd,71
Sai Silks (Kalamandir) Ltd,4
Salesforce Inc,4
Salzer Electronics Ltd,1
Sambhv Steel Tubes Ltd,2
Samsung C&T Corp,1
Samsung Electronics Co Ltd,1
Samvardhana Motherson International Ltd,115
SanDisk Corp Ordinary Shares,1
Sanathan Textiles Ltd,6
Sandhar Technologies Ltd Ordinary Shares,13
Sandur Manganese And Iron Ores Ltd,2
Sangam Health Care Products Ltd,1
Sanghvi Movers Ltd,3
Sanofi Consumer Healthcare India Ltd,30
Sanofi India Ltd,18
Sansera Engineering Ltd,35
Sanstar Ltd,1
Sapphire Foods India Ltd,22
Sarda Energy & Minerals Ltd,3
Saregama India Ltd,8
Sathlokhar Synergys E&C Global Ltd,1
Satin Creditcare Network Ltd,1
Savita Oil Technologies Ltd,1
Sbi Cards & Payment Services Ltd,1
Sbi Cards And Payment Services Ltd.,4
Schaeffler India Ltd,105
Schneider Electric Infrastructure Ltd,19
Schneider Electric SE,1
Sea Ltd ADR,1
Seagate Technology Holdings PLC,2
Seamec Ltd,2
Senco Gold Ltd,14
Senores Pharmaceuticals Ltd,3
ServiceNow Inc,3
Seshaasai Technologies Ltd,14
Shadowfax Technologies Ltd,21
Shaily Engineering Plastics Ltd,21
Shakti Pumps (India) Ltd,21
Shankara Buildpro Ltd,1
Sharda Cropchem Ltd,7
Sharda Motor Industries Ltd,11
SharkNinja Inc,1
Sheela Foam Ltd,11
Shell PLC,1
Sherwin-Williams Co,1
Shift4 Payments Inc Class A,1
Shilpa Medicare Ltd,12
Shin-Etsu Chemical Co Ltd,2
Shivalik Bimetal Controls Ltd,15
Shoppers Stop Ltd,9
Shree Cement Ltd,36
Shreeji Shipping Global Ltd,1
Shriram Finance Limited March 2026 Future,1
Shriram Finance Ltd,158
Shriram Pistons & Rings Ltd,9
Shriram Properties Ltd,1
Shyam Metalics and Energy Ltd,6
Sidbi,1
Siemens Energy India Ltd,48
Siemens Ltd,56
Signatureglobal (India) Ltd,2
Simplex Infrastructures Ltd,1
Singapore Technologies Engineering Ltd,1
Skipper Ltd,1
Sky Gold and Diamonds Ltd,14
Small Industries Dev Bank Of India,1
Small Industries Dev Bank Of India (24/09/2026),1
Small Industries Development Bank Of India,2
Small Industries Development Bank of India,3
Smartworks Coworking Spaces Ltd,5
Snowflake Inc Ordinary Shares,1
Sobha Ltd,44
SoftBank Group Corp,1
Solar Industries India Ltd,71
Solara Active Pharma Sciences Ltd Ordinary Shares,2
Solarworld Energy Solutions Ltd,1
Somany Ceramics Ltd,8
Sona BLW Precision Forgings Ltd,82
Sonata Software Ltd,23
Sony Group Corp,2
Sony Group Corp ADR,1
Southern Copper Corp,1
Spandana Sphoorty Financial Ltd,1
Spandana Sphoorty Financial Ltd Ordinary Shares (Partly Paid Rs.5),1
Sparkle Gold Rock Ltd,1
Spicejet Ltd,2
Spotify Technology SA,1
Sri Lotus Developers And Realty Ltd,4
Standard Engineering Technology Ltd,3
Stanley Lifestyles Ltd,8
Star Cement Ltd,4
Star Health and Allied Insurance Co Ltd,24
Starbucks Corp,1
State Bank Of India,6
State Bank Of India (Covered Call),1
State Bank Of India 30/03/2026,1
State Bank of India,246
State Bank of India Future Mar 26,6
Steel Authority Of India Limited March 2026 Future,1
Steel Authority Of India Ltd,29
Steel Authority Of India Ltd. 30-Mar-26,1
Steel Strips Wheels Ltd,4
Steelcast Ltd,3
Sterling and Wilson Renewable Energy Ltd,1
Sterlite Technologies Ltd,7
Stove Kraft Ltd Ordinary Shares,3
Strides Pharma Science Ltd,7
Studds Accessories Ltd,7
Stylam Industries Ltd,13
Styrenix Performance Materials Ltd,5
Subros Ltd,12
Sudarshan Chemical Industries Ltd,13
Sudeep Pharma Ltd,17
Sula Vineyards Ltd,6
Sumitomo Chemical India Ltd Ordinary Shares,30
Sumitomo Electric Industries Ltd,2
Sun Hung Kai Properties Ltd,1
Sun Pharmaceutical Industries Limited,1
Sun Pharmaceutical Industries Limited March 2026 Future,1
Sun Pharmaceutical Industries Ltd. (Covered Call),1
Sun Pharmaceuticals Industries Ltd,153
Sun TV Network Ltd,12
Suncor Energy Inc,1
Sundaram Clayton Ltd,9
Sundaram Fasteners Ltd,26
Sundaram Finance Ltd,34
Sundaram Liquid Dir Gr,1
Sundaram Money Market Dir Gr,3
Sundrop Brands Ltd,2
Sunny Optical Technology (Group) Co Ltd,1
Sunresin New Materials Co Ltd Xi'an Class A,1
Sunteck Realty Ltd,1
Suprajit Engineering Ltd,8
Supreme Industries Ltd,43
Supreme Petrochem Ltd,9
Supriya Lifescience Ltd,6
Suraksha Diagnostic Ltd,7
Surya Roshni Ltd,2
Suryoday Small Finance Bank Ltd,1
Suven Life Sciences Ltd,1
Suzlon Energy Ltd,36
Swan Corp Ltd,8
Swan Defence and Heavy Industries Ltd,1
Swaraj Engines Ltd,5
Swiggy Ltd,141
Swiggy Ltd Mar-2026,1
Symphony Ltd,8
Syngene International Ltd,49
Synopsys Inc,1
Syrma SGS Technology Ltd,27
TARC Ltd Ordinary Shares,5
TATA Projects Limited,1
TBO Tek Ltd,46
TCI Express Ltd,8
TCPL Packaging Ltd,2
TD Power Systems Ltd,47
TDK Corp,2
TE Connectivity PLC Registered Shares,1
TJX Companies Inc,2
TSF Investments Ltd,2
TTK Prestige Ltd,8
TVS Holdings Ltd,11
TVS Motor Co Ltd,161
TVS Srichakra Ltd,3
TVS Supply Chain Solutions Ltd,1
Taiwan Semiconductor Manufacturing Co Ltd,2
Taiwan Semiconductor Manufacturing Co Ltd ADR,4
Taj GVK Hotels & Resorts Ltd,1
Tamil Nadu Newsprint & Papers Ltd,3
Tamilnad Mercantile Bank Ltd,1
Tata Capital Ltd,41
Tata Chemicals Ltd,16
Tata Communications Ltd,42
Tata Consultancy Services Limited 2800 Put March 2026 Option,1
Tata Consultancy Services Limited 2900 Put March 2026 Option,1
Tata Consultancy Services Ltd,133
Tata Consultancy Services Ltd. (Covered Call),1
Tata Consultancy Services Ltd.-MAR2026,1
Tata Consumer Future Mar 26,1
Tata Consumer Products Ltd,67
Tata Elxsi Ltd,12
Tata Motors Ltd,114
Tata Motors Passenger Vehicles Ltd,57
Tata Nifty India Digital ETF,1
Tata Power Co Ltd,65
Tata Steel Limited March 2026 Future,1
Tata Steel Ltd,131
Tata Steel Ltd.,1
Tata Technologies Ltd,6
Tatva Chintan Pharma Chem Ltd,4
Tbill,63
Tbills,11
TeamLease Services Ltd,25
Tech Mahindra Ltd,144
Tech Mahindra Ltd.-MAR2026,1
Techno Electric & Engineering Co Ltd,21
Technocraft Industries (India) Ltd,3
Techtronic Industries Co Ltd,1
Tega Industries Ltd,23
Tega Industries Ltd.,1
Tejas Networks Ltd,3
Teledyne Technologies Inc,1
Tencent Holdings Ltd,1
Tenneco Clean Air India Ltd,41
Teradyne Inc,1
Terumo Corp,2
Tesla Inc,1
Texas Instruments Inc,1
Texmaco Rail & Engineering Ltd,5
Thangamayil Jewellery Ltd,15
The Anup Engineering Ltd,3
The Campbell's Co,1
The Cigna Group,1
The Estee Lauder Companies Inc Class A,2
The Federal Bank Limited,2
The Federal Bank Ltd,124
The Hershey Co,1
The New India Assurance Co Ltd,1
The Orissa Minerals Development Co Ltd,2
The Shipping Corp of India Ltd,2
The South Indian Bank Ltd,18
The Walt Disney Co,2
Thejo Engineering Ltd,1
Thermax Ltd,34
Thermo Fisher Scientific Inc,1
Thirumalai Chemicals Ltd,7
Thomas Cook India Ltd,3
Thyrocare Technologies Ltd,21
Tilaknagar Industries Ltd,5
Time Technoplast Limited,1
Time Technoplast Limited ( Formerly Time Packaging Limited),1
Time Technoplast Ltd,9
Timex Group India Ltd,1
Timken India Ltd,61
Tinna Rubber & Infrastructure Ltd,7
Tips Music Ltd,13
Titagarh Rail Systems Ltd,19
Titan Co Ltd,132
Titan Company Limited March 2026 Future,2
Tokio Marine Holdings Inc,2
Tokyo Electron Ltd,2
Torrent Pharmaceuticals Ltd,87
Torrent Power Ltd,60
Toyota Motor Corp,2
Tracxn Technologies Ltd,2
TransDigm Group Inc,1
TransUnion,1
Transformers & Rectifiers (India) Ltd,6
Transindia Real Estate Ltd,1
Transport Corp of India Ltd,8
Transrail Lighting Ltd,2
Travel Food Services Ltd,19
Trent Limited March 2026 Future,1
Trent Ltd,110
Treps,147
Treps - Tri-Party Repo,19
Treps / Reverse Repo Investments,13
Treps 02-Mar-2026,7
Treps 02-Mar-2026 Depo 10,19
Treps ^,3
Treps/Reverse Repo/Net Current Assets/Cash/Cash Equivalent,4
Trip.com Group Ltd,1
Triparty Repo,80
Triparty Repo Trp_020326_val,14
Triveni Engineering & Industries Ltd,7
Triveni Turbine Ltd,41
Trp_020326,3
Trualt Bioenergy Ltd,6
Tube Investments of India Ltd Ordinary Shares,74
Tvs Motor Company Limited,128
Tyler Technologies Inc,2
U.S. Bancorp,1
UCB SA,1
UCO Bank,1
UNO Minda Ltd,82
UPL Ltd,33
UTI Asset Management Co Ltd,28
Uber Technologies Inc,1
Ujjivan Small Finance Bank Ltd Ordinary Shares,67
UltraTech Cement Ltd,145
Ultratech Cement Ltd. (Covered Call),1
Unichem Laboratories Ltd,2
Unicommerce eSolutions Ltd,5
Unimech Aerospace And Manufacturing Ltd,4
Union Bank Of India,5
Union Bank of India,34
Union Bank of India Future Mar 26,1
Uniparts India Ltd,2
United Breweries Ltd,46
United Foodbrands Ltd,5
United Parcel Service Inc Class B,1
United Spirits Limited March 2026 Future,2
United Spirits Ltd,72
UnitedHealth Group Inc,1
Universal Cables Ltd,3
Updater Services Ltd,5
Upl Limited,2
Urban Co Ltd,29
Usha Martin Ltd,13
Utkarsh Small Finance Bank Ltd,2
V-Guard Industries Ltd,28
V-Mart Retail Ltd,23
V2 Retail Ltd,13
VA Tech Wabag Ltd,10
VIP Industries Ltd,6
VIkran Engineering Ltd,2
VOLTAS LTD.-MAR2026,1
VRL Logistics Ltd,15
VST Industries Ltd,2
VST Tillers Tractors Ltd,9
Vardhman Special Steels Ltd,2
Vardhman Textiles Ltd,12
Varroc Engineering Ltd Ordinary Shares,9
Varun Beverages Ltd,102
Vasa Denticity Ltd,1
Vedant Fashions Ltd,28
Vedanta Limited,2
Vedanta Limited March 2026 Future,4
Vedanta Ltd,118
Veeva Systems Inc Class A,1
Ventive Hospitality Ltd,5
Venus Pipes & Tubes Ltd,7
Veranda Learning Solutions Ltd,2
Verizon Communications Inc,1
Vertis Infrastructure Trust Unit,5
Vesuvius India Ltd,17
Vidya Wires Ltd,6
Vijaya Diagnostic Centre Ltd,38
Vikram Solar Ltd,10
Vinati Organics Ltd,28
Vindhya Telelinks Ltd,2
Vintage Coffee & Beverages Ltd,2
Virtual Dynamics Software Ltd.,2
Visa Inc Class A,4
Vishal Mega Mart Ltd,105
Vishnu Chemicals Ltd,4
Vishnu Prakash R Punglia Ltd,1
Viyash Scientific Ltd,5
Vodafone Idea Ltd,11
Voltamp Transformers Ltd,27
Voltas Ltd,45
WPIL Ltd,2
Waaree Energies Ltd,15
Wakefit Innovations Ltd,28
Walmart Inc,1
Webster Financial Corp,1
Weichai Power Co Ltd Class H,1
Wellwin Industry Ltd Shs Dematerialised,1
Welspun Corp Ltd,23
Welspun Enterprises Ltd,1
Welspun Living Ltd,7
Wendt (India) Ltd,1
West Coast Paper Mills Ltd,6
West Pharmaceutical Services Inc,1
Western Alliance Bancorp,1
Western Carriers (India) Ltd,1
Western Digital Corp,2
Westlife Foodworld Ltd,24
Wework India Management Ltd,31
Wheels India Ltd,2
Whirlpool of India Ltd,52
Wim Plast Ltd,1
WinWay Technology Co Ltd Ordinary Shares,1
Windlas Biotech Ltd,3
Wipro Ltd,51
Wiwynn Corp Ordinary Shares,2
Wockhardt Ltd,25
Wonderla Holidays Ltd,2
Workday Inc Class A,2
XP Inc Class A,1
Xpro India Ltd,4
Xtrackers Harvest CSI 300 China A ETF,1
Xtrackers Harvest CSI 500 CHN A SmCp ETF,1
Yageo Corp,1
Yash Highvoltage Ltd,2
Yasho Industries Ltd,2
Yatharth Hospital and Trauma Care Services Ltd,7
Yatra Online Ltd,13
Yes Bank Ltd,7
Yuken India Ltd,1
Yum China Holdings Inc,2
ZF Commercial Vehicle Control Systems India Ltd,79
Zaggle Prepaid Ocean Services Ltd,10
Zee Entertainment Enterprises Ltd,6
Zen Technologies Ltd,4
Zensar Technologies Ltd,38
Zijin Gold International Co Ltd,1
Zimmer Biomet Holdings Inc,1
Zoetis Inc Class A,1
Zota Health Care Ltd,2
Zuari Industries Ltd,1
Zydus Lifesciences Ltd,23
Zydus Wellness Ltd,21
argenx SE ADR,1
eBay Inc,1
eClerx Services Ltd,44
eMemory Technology Inc,1
eMudhra Ltd,4
iShares Core S&P 500 ETF USD Acc,1
iShares NASDAQ 100 ETF USD Acc,2
